Name,Mass (g) (not sexed),Source,MorphoSource,Family,Genus,Species,Shi_match,r_humerus,Landmarked,l_humerus,Landmarked,r_radius,Landmarked,l_radius,Landmarked,r_tibia,Landmarked,l_tibia,Landmarked,r_femur,Landmarked,l_femur,Landmarked,Handwing,Sex,Lifestage,Notes,Author,kV,uA,um,Handicap
Tylonycteris_pachypus_AMNH_236209,4.65,"Walker’s mammals of the world, VI",to deposit,Vespertilionidae,Tylonycteris,pachypus,Tylonycteris_pachypus,,,1,Yes,,,1,Yes,1,Yes,,,,,1,Yes,Yes,F,adult,Left tibia has missing slices,Andrew ,100,130,27.21108,
Trinycteris_nicefori_AMNH_256822,8.2,https://eol.org/pages/327389/data,to deposit,Phyllostomidae,Micronycteris,nicefori,Micronycteris_nicefori,1,Yes,,,1,Yes,,,1,Yes,,,1,pathology,1,Yes,Yes,M,adult,Left humerus has missing slices; pathological proturberence inferred on right proximal femur,Andrew ,80,120,28.97624,
Stenoderma_rufum_AMNH_208983,25,"Walker’s mammals of the world, VI",to deposit,Phyllostomidae,Stenoderma,rufum,Stenoderma_rufum,,,1,Yes,broken,,1,Yes,,,1,Yes,,,1,Yes,Yes,M,adult,,Andrew ,70,90,28.82444,
Sphaeronycteris_toxophyllum_AMNH209739,14.8,"Walker’s mammals of the world, VI",to deposit,Phyllostomidae,Sphaeronycteris,toxophyllum,Sphaeronycteris_toxophyllum,,,1,Yes,,,1,Yes,,,1,Yes,broken,,1,Yes,Yes,M,adult,Clear stitching artifact crosses both wings; reserve for later decision; I have decided this is a change in brightness and does not compromise shape,Andrew ,140,130,27.86621,
Anoura_geoffroyi_AMNH_268082,15.2,"Walker’s mammals of the world, VI",to deposit,Phyllostomidae,Anoura,geoffroyi,Anoura_geoffroyi,1,,1,Yes,1,,1,Yes,1,,1,Yes,1,,1,Yes,Yes,M,adult,"Missing slices, which do not cut humeri; pelvis plots very female",Tram,140,130,27.8662,
Antrozous_pallidus_AMNH_274878,22.5,"Walker’s mammals of the world, VI",to deposit,Vespertilionidae,Antrozous,pallidus,Antrozous_pallidus,missing,,1,Yes,,,1,Yes,,,1,Yes,,,1,Yes,Yes,M,adult,Missing bones,Tram,150,133,29.56414,
Saccopteryx_bilineata_AMNH_279444,7,"Walker’s mammals of the world, VI",to deposit,Emballonuridae,Saccopteryx,bilineata,Saccopteryx_bilineata,1,,1,Yes,1,,1,Yes,1,,1,Yes,1,,1,Yes,Yes,?,adult,sternum asymmetric ,Andrew ,150,170,29.50062,very asymmetric sternum
Rousettus_aegyptiacus_AMNH_237404,166.5,"Walker’s mammals of the world, VI",to deposit,Pteropodidae,Rousettus,aegyptiacus,Rousettus_aegyptiacus,1,Yes,,,1,Yes,,,1,Yes,,,1,Yes,,,Yes,M,adult,Missing slices across both wings. There is a slight shortening and displacement. Only segment right wing. Fused pevlis,Andrew ,150,170,40.11431,
Rhynchonycteris_naso_AMNH_279521,3.2,"Walker’s mammals of the world, VI",to deposit,Emballonuridae,Rhynchonycteris,naso,Rhynchonycteris_naso,1,,1,Yes,1,,1,Yes,1,,1,Yes,1,,1,Yes,Yes,?,adult,,Andrew ,140,170,29.50062,
Rhogeessa_aeneus_AMNH_278643,6.5,"Walker’s mammals of the world, VI",to deposit,Vespertilionidae,Rhogeessa,aeneus,Rhogeessa_aeneus,1,Yes,,,1,Yes,,,1,Yes,broken,,broken,,1,Yes,Yes,?,adult,Ulna does not appear fused with radius. Very poorly ossified,Andrew ,150,170,29.50062,
Rhinolophus_hipposideros_AMNH_233075,7,"Walker’s mammals of the world, VI",to deposit,Rhinolophidae,Rhinolophus,hipposideros,Rhinolophus_hipposideros,,,1,Yes,,,1,Yes,,,1,Yes,,,1,Yes,Yes,M,adult,Broken nose. Stitching artifact crosses both wings along their diaphyseal regions. Additional artifacts closer to articulations. Significant displacement on right wing. Fused pelvis,Andrew ,140,170,27.31716,
Pteronotus_davyi_AMNH_279425,9.25,"Walker’s mammals of the world, VI",to deposit,Mormoopidae,Pteronotus,davyi,Pteronotus_davyi,1,,1,Yes,1,,1,Yes,,,1,Yes,truncated,,1,Yes,Yes,?,adult,Missing pixels along diaphysis of left radius and tibia. Scan truncates part of distal epiphysis of right femur. Fused pevlis,Andrew ,130,170,29.86401,
Artibeus_fraterculus_AMNH_68454,25.54,https://eol.org/pages/327356/data,to deposit,Phyllostomidae,Artibeus,fraterculus,Artibeus_fraterculus,1,,1,Yes,1,,1,Yes,,,1,Yes,1,,1,Yes,Yes,M?,adult,,Tram,150,140,27.86621,
Platyrhinus_helleri_AMNH_277688,14,"Walker’s mammals of the world, VI",to deposit,Phyllostomidae,Platyrrhinus,helleri,Platyrrhinus_helleri,1,,1,Yes,1,,1,Yes,,,1,Yes,,,1,Yes,Yes,M,adult,Missing pixels cross thedistal  epiphysis of the right tibia; segmentation of right leg stopped,Andrew ,140,130,29.31606,
Platyrhinus_aurarius_AMNH_265341,34,"Walker’s mammals of the world, VI",to deposit,Phyllostomidae,Platyrrhinus,aurarius,Platyrrhinus_aurarius,1,,1,Yes,1,,1,Yes,1,,1,Yes,1,,1,Yes,Yes,M,adult,Missing pixels just before humeral epiphyses; I do not think they significantly affect the scan. Large sternal keel,Andrew ,140,130,29.31606,
Noctilio_leporinus_AMNH_186968,70,"Walker’s mammals of the world, VI",to deposit,Noctilionidae,Noctilio,leporinus,Noctilio_leporinus,chipped,,1,Yes,,,1,Yes,,,1,Yes,,,1,Yes,Yes,M,adult,Large file size; converted to 8bit; very strange pelvis in this male bat; looks like two pubis bones fuse to form a loop,Andrew,150,133,33.26048,
Myotis_vivesi_AMNH_180834,25,https://eol.org/pages/327628/data,to deposit,Vespertilionidae,Myotis,vivesi,Myotis_atacamensis,,,1,Yes,broken,,1,Yes,,,1,Yes,,,1,Yes,Yes,F,adult,"Plane of missing pixels crosses radius, but not articular surface. Myotis atacamensis is a poor match",Andrew ,160,150,31.90485,
Artibeus_intermedius_AMNH_68454,55.5,"Walker’s mammals of the world, VI",to deposit,Phyllostomidae,Artibeus,intermedius,Artibeus_intermedius,1,,1,Yes,1,,1,Yes,1,,1,Yes,1,,1,Yes,Yes,?,adult,pelvis looks female,Tram,140,140,32.56311,
Myotis_myotis_AMNH_244243,31.5,"Walker’s mammals of the world, VI",to deposit,Vespertilionidae,Myotis,myotis,Myotis_myotis,1,,1,Yes,1,,1,Yes,1,,1,Yes,1,,1,Yes,Yes,?,adult,"Converted to 8-bit Plane of missing pixels crosses wings, but not across articular surfaces. Has sternal keel like scotophilus heathi but without any accessory ossification- suggests scoto is natural ",Andrew,170,150,27.05654,
Miniopterus_screibersii_AMNH_244270,2.5,"Walker’s mammals of the world, VI",to deposit,Vespertilionidae,Miniopterus,schreibersii,Miniopterus_schreibersii,,,1,Yes,,,1,Yes,,,1,Yes,,,1,Yes,Yes,?,subadult,Juvenile; difficult to segment. 1 side only. ,Andrew,140,160,27.05654,note this was originally classed as a vesp
Mimon_crenulatum_AMNH_267886,12,"Walker’s mammals of the world, VI",to deposit,Phyllostomidae,Mimon,crenulatum,Mimon_crenulatum,1,,1,Yes,1,,1,Yes,1,,1,Yes,1,,1,Yes,Yes,M,adult,"ears look strange, pelvis looks strange for male; sternum has unilateral oddity that does not intersect landmarks",Andrew,140,140,28.91314,asymmetric sternum
Micronycteris_schmidtorum_AMNH_256821,7.5,https://eol.org/pages/327391/data,to deposit,Phyllostomidae,Micronycteris,schmidtorum,Micronycteris_schmidtorum,1,,1,Yes,1,,1,Yes,1,,1,Yes,1,,1,Yes,Yes,F,adult,Missing pixels cross humeral head but do not substantially affect shape,Andrew,140,170,26.65524,
Mesophylla_maconelli_AMNH_215025,7,"Walker’s mammals of the world, VI",to deposit,Phyllostomidae,Mesophylla,macconnelli,Mesophylla_macconnelli,rotated,,1,Yes,,,1,Yes,,,1,Yes,,,1,Yes,Yes,M,adult,Some bones have moved during scanning. ,Andrew,120,180,25.2564,
Macrotus_waterhousii_AMNH_238145,16,"Walker’s mammals of the world, VI",to deposit,Phyllostomidae,Macrotus,waterhousii,Macrotus_waterhousii,,,1,Yes,,,1,Yes,1,Yes,,,1,Yes,rotated,,Yes,M,adult,Motion evident in scan but I will attempt segmentation. Results not of good quality. Left leg dislocation,Andrew,130,130,30.1301,
Macrophyllum_macrophyllum_AMNH_235705,7.5,"Walker’s mammals of the world, VI",to deposit,Phyllostomidae,Macrophyllum,macrophyllum,Macrophyllum_macrophyllum,1,,1,Yes,1,,1,Yes,1,,1,Yes,1,,1,Yes,Yes,M,adult,hyoid confluent with tympanum bone,Andrew,130,140,29.2004,Left thumb; final phalanx before ungual is missing and ungual is vestigial
Lophostoma_evotis_AMNH_278626,20.6,https://eol.org/pages/327403/data,to deposit,Phyllostomidae,Lophostoma,evotis,Lophostoma_evotis,1,Yes,,,1,Yes,,,1,Yes,,,1,Yes,,,Yes,M?,adult,Only right hand appendicular skeleton present. Femur and tibia have missing pixels,Andrew,150,150,30.22299,
Lampronycteris_brachyotis_AMNH_274579,10.2,https://eol.org/pages/327384/data,to deposit,Phyllostomidae,Lampronycteris,brachyotis,Micronycteris_brachyotis,,,1,Yes,,,1,Yes,,,1,Yes,,,1,Yes,Yes,M,adult,Displacement duplicates pixels right elbow joint ; careful removal undertaken ; articulation of femur with tibia is messy,Andrew,120,180,27.35677,
Kerivoula_hardwickii_AMNH_247565,4.5,https://eol.org/pages/1001185/data,to deposit,Vespertilionidae,Kerivoula,hardwickii,Kerivoula_hardwickii,broken,,1,Yes,,,1,Yes,1,Yes,,,1,Yes,broken,,Yes,M,adult,,Andrew,150,133,29.56414,
Hipposideros_pratti_AMNH_56957,84.4,https://eol.org/pages/328263/data,to deposit,Hipposideridae,Hipposideros,pratti,Hipposideros_pratti,1,,1,Yes,1,,1,Yes,1,,1,Yes,1,,1,Yes,Yes,M?,adult,Scan threshold is very difficult to work with; very opaque and no gaps. Elbow caps. Very broad sternum with extensive muscle attachment sites. Pelvic iliopubic eminence loops round to join cranial lateral ridge of ilium. Landmarked placed on medially facing prominence of closure. ,Andrew,140,180,38.53539,possible injury or deformity on fifth and fourth digit first metacarpal
Hesperoptenus_gaskelli_AMNH_226393,9.4,https://eol.org/pages/1001182/data,to deposit,Vespertilionidae,Hesperoptenus,gaskelli,Hesperoptenus_blanfordi,1,,1,Yes,1,,1,Yes,1,,1,Yes,1,,1,Yes,Yes,M,adult,,Andrew,100,130,27.21108,
Glischropus_tylopus_AMNH_247438,4,"Walker’s mammals of the world, VI",to deposit,Vespertilionidae,Glischropus,tylopus,Glischropus_tylopus,1,,1,Yes,1,,1,Yes,1,,1,Yes,1,,1,Yes,Yes,F,adult,Stitching artifacts cross diaphyses of radius bones,Andrew,80,120,28.17305,
Eptesicus_fuscus_AMNH_267809,22,"Walker’s mammals of the world, VI",to deposit,Vespertilionidae,Eptesicus,fuscus,Eptesicus_fuscus,1,Yes,1,,1,Yes,do not use,,1,Yes,,,1,Yes,,,Yes,M,subadult,Stitching artifact crosses diaphysis of right femur. Stitching displacement evident on diaphysis of left radius. Discontinued; artifact too large.,Andrew,160,160,27.05654,
Enchisthenes_hartii_AMNH_268087,17.3,"Walker’s mammals of the world, VI",to deposit,Phyllostomidae,Enchisthenes,hartii,Artibeus_hartii,1,Yes,,,1,Yes,,,1,Yes,,,1,Yes,,,Yes,M,adult,No skull. Left tibia crossed by stitching artifact; not useable. Large lateral sesamoid on knee,Andrew,150,140,27.86621,
Desmodus_rotundus_AMNH_278308,32.5,"Walker’s mammals of the world, VI",to deposit,Phyllostomidae,Desmodus,rotundus,Desmodus_rotundus,1,,1,Yes,1,,1,Yes,1,,1,Yes,1,,1,Yes,Yes,M,adult,"elbow caps, this bat has a bifid third digit",Andrew,160,150,31.90485,"(bifid third digit, wing)"
Cynopterus_brachyotis_AMNH_233949,62.5,"Walker’s mammals of the world, VI",to deposit,Pteropodidae,Cynopterus,brachyotis,Cynopterus_brachyotis,,,1,Yes,,,1,Yes,broken,,1,Yes,,,1,Yes,Yes,M,adult,elbow caps; right femur crossed by stitching artifact. Right tibia broken. ,Andrew,130,170,31.84329,
Chiroderma_trinitatum_AMNH_209519,14,"Walker’s mammals of the world, VI",to deposit,Phyllostomidae,Chiroderma,trinitatum,Chiroderma_trinitatum,1,Yes,,,1,Yes,,,1,Yes,,,1,Yes,,,Yes,M,adult,Right side only suitable for scanning; left femur crossed by stitching artifact. Very large head- unusual; os acetabuli,Andrew,140,140,29.31606,possible warping of second phalanx fifth digit
Centurio_senex_AMNH_179990,22.5,"Walker’s mammals of the world, VI",to deposit,Phyllostomidae,Centurio,senex,Centurio_senex,broken,,1,Yes,,,1,Yes,1,Yes,broken,,1,Yes,,,Yes,M,adult,"Stitching artifact left radius, assessed as minimal; ; os acetabuli",Andrew,140,140,29.31606,
Carollia_sowelli_AMNH_278922,15,Estimated,to deposit,Phyllostomidae,Carollia,sowelli,Carollia_sowelli,1,,1,Yes,1,,1,Yes,1,,1,Yes,1,,1,Yes,Yes,?,adult,,Andrew,140,140,28.91314,
Carollia_perspicillata_AMNH_277693,15,"Walker’s mammals of the world, VI",to deposit,Phyllostomidae,Carollia,perspicillata,Carollia_perspicillata,1,,1,Yes,1,,1,Yes,1,Yes,1,,1,,1,Yes,Yes,M,adult,Contrast manually adjusted in Image J,Andrew,130,180,28.22101,
Artibeus_jamaicensis_AMNH_279493,42.2,https://eol.org/pages/327863/data,to deposit,Phyllostomidae,Artibeus,jamaicensis,Artibeus_jamaicensis,1,,1,Yes,1,,1,Yes,1,,1,Yes,1,,1,Yes,Yes,?,adult,I have to use the maximum threshold. Minor stitching artifacts,Andrew,140,140,27.42521,
Erophylla_bombifrons_AMNH_275483,16.3,https://eol.org/pages/11019834/data,to deposit,Phyllostomidae,Erophylla,bombifrons,Erophylla_bombifrons,1,Yes,,,1,Yes,,,1,Yes,,,1,Yes,,,Yes,M,adult,Stitching artifact crosses both radius bones and the left humerus. I have not assessed it as critically limiting. Some double-imaging of right radius. I have attempted to compensate. Stitching artifacts and rotations on left hand side too large to compensate for. ,Andrew,130,130,30.1301,"(bent final phalanx, second digit, right hand; healed break?) Major assymetry between first metacarpal of third digit; right side is distorted"
Mimon_cozumelae_AMNH_279490,39.5,https://eol.org/pages/4438808/data,to deposit,Phyllostomidae,Mimon,cozumelae,Mimon_cozumelae,1,,1,Yes,1,,1,Yes,1,,1,Yes,1,,1,Yes,Yes,?,adult,,Andrew,140,140,29.46034,
Mormoops_blainvillii_CUMV_20843,15,"Walker’s mammals of the world, VI",to deposit,Mormoopidae,Mormoops,blainvillii,Mormoops_blainvillii,,,1,Yes,,,1,Yes,,,1,Yes,,,1,Yes,Yes,?,adult,,Andrew,85,200,20.038,
Mystacina_tuberculata_MVZ_173919,13.5,"Walker’s mammals of the world, VI",https://www.morphosource.org/concern/media/000085200?locale=en,Mystacinidae,Mystacina,tuberculata,Mystacina_tuberculata,1,,1,Yes,1,,1,Yes,1,,1,Yes,1,,1,Yes,Yes,F,adult,The chirality of this scan is reversed (I have not corrected it). This bat burrows,Andrew,160,160,35.9111194611791,
Cynopterus_sphinx_CUMV_20439,62.5,"Walker’s mammals of the world, VI",to deposit,Pteropodidae,Cynopterus,sphinx,Cynopterus_sphinx,,,1,Yes,,,1,Yes,,,1,Yes,,,1,Yes,Yes,F,adult,Pregnant,Andrew,100,200,40.076,
Craseonycteris_thonglongyai_USNM_528306,2,"Walker’s mammals of the world, VI",https://www.morphosource.org/concern/media/000170681?locale=en,Craseonycteridae,Craseonycteris,thonglongyai,Craseonycteris_thonglongyai,,,1,Yes,,,1,Yes,,,1,Yes,,,1,Yes,Yes,M,subadult,Some small stitching artifacts evident. Very strange sternum appears to wrap all the way round to spine ,Andrew,?,?,0.02,
Glossophaga_soricina_CUMV_19730,10.5,,to deposit,Phyllostomidae,Glossophaga,soricina,Glossophaga_soricina,1,,1,Yes,1,,1,Yes,1,,1,Yes,1,,1,Yes,Yes,?,adult,sternum landmarks inside a .hx file called untitled in andrew_backup on the NAS,Tram,100,200,40.076,
Pipistrellus_subflavus_CUMV_15566,5.8,"Walker’s mammals of the world, VI",to deposit,Vespertilionidae,Pipistrellus,subflavus,Pipistrellus_subflavus,,,1,Yes,,,1,Yes,,,1,Yes,,,1,Yes,Yes,F,adult,Voxel size1000 times too large (landmarks corrected),Andrew,100,200,40.076,
Emballonura_monticola_CUMV_22543,6,"Walker’s mammals of the world, VI",to deposit,Emballonuridae,Emballonura,monticola,Emballonura_monticola,,,1,Yes,,,1,Yes,,,1,Yes,,,1,Yes,Yes,M?,adult,"Some minor rotation has made segmentation difficult; the surface texture is quite rough, sternum landmarks located in a .hx files called untitlted in andrew_backup on the NAS",Andrew,100,200,40.076,
Leptonycteris curasoae_CUMV_20856,24,"Walker’s mammals of the world, VI",to deposit,Phyllostomidae,Leptonycteris,curasoae,Leptonycteris_curasoae,1,Yes,,,1,Yes,,,,,1,Yes,,,1,Yes,Yes,?,adult,,Andrew,100,200,40.076,
Megaderma lyra CUMV_20794,50,"Walker’s mammals of the world, VI",to deposit,Megadermatidae,Megaderma,lyra,Megaderma_lyra,,,1,Yes,,,1,Yes,,,1,Yes,,,1,Yes,Yes,F,adult,right foot two broken toes one of which has healed,Andrew,100,200,40.076,
Thyroptera tricolor CUMV 20892,4.2,"Walker’s mammals of the world, VI",to deposit,Thyropteridae,Thyroptera,tricolor,Thyroptera_tricolor,,,1,Yes,,,1,Yes,,,1,Yes,,,1,Yes,Yes,?,adult,Thyroptera is a significant outlier in Handwing PCA it is located on the NAS in bat group 5,Andrew,100,200,40.076,
Lasiurus borealis CUMV 22512,10.7,https://eol.org/pages/327563/data,to deposit,Vespertilionidae,Lasiurus,borealis,Lasiurus_borealis,,,1,Yes,,,1,Yes,,,1,Yes,,,1,Yes,Yes,?,adult,bat group 5,Andrew,100,200,40.076,
Emballonura alecto CUMV 22537,5.25,https://eol.org/pages/327832/data,to deposit,Emballonuridae,Emballonura,alecto,Emballonura_alecto,1,Yes,,,1,Yes,,,1,Yes,,,1,Yes,broken,,Yes,?,adult,bat group 5,Andrew,100,200,40.076,
Pteropus gouldi MCZ 28559,672,https://eol.org/pages/327256/data,to deposit,Pteropodidae,Pteropus,alecto,Pteropus_alecto,,,1,Yes,1,Yes,broken,,1,Yes,,,1,Yes,,,Yes,F,adult,both radius bones contain shot; the left is definitely broken; spine good; sternum may not be bilaterally symmetric,Andrew,85,75,117.166218074678,
Hipposideros commersoni MCZ 45453,99.1,https://eol.org/pages/290193/data,to deposit,Hipposideridae,Hipposideros,commersoni,Hipposideros_commersoni,1,Yes,,,1,Yes,,,1,Yes,,,1,Yes,,,Yes,?,adult,Distal radius is patchy; consult isosurface carefully when placing landmarks; also prioritise left wing for handwing landmarks; spine difficult; close to metal plate at base of scan,Andrew,60,60,68.7,
Eonycteris_robusta MCZ 33066,78.36,https://eol.org/pages/4438414/data,to deposit,Pteropodidae,Eonycteris,robusta,Eonycteris_robusta,1,Yes,,,1,Yes,,,1,Yes,,,1,Yes,,,Yes,F,adult,spine good; surrounded by duct tape ,Andrew,60,60,68.7,
Pteropus_niger MCZ_4940,456.3,https://eol.org/pages/327282/data,to deposit,Pteropodidae,Pteropus,niger,Pteropus_niger,,,1,Yes,1,Yes,broken,,,,1,Yes,,,1,Yes,Yes,F,adult,spine good; scan threshold may pose difficulties; probably MALE; ask Mark Omura to check,Andrew,90,80,115.142,
Pteropus scapulatus MCZ_28549,443,https://eol.org/pages/327294/data,to deposit,Pteropodidae,Pteropus,scapulatus,Pteropus_scapulatus,,,1,Yes,,,1,Yes,,,1,Yes,,,1,Yes,Yes,M,adult,spine good; no knee cap apparent,Andrew,80,70,121.594,
Myonycteris angolensis MCZ_50332,68.31,https://eol.org/pages/323423/data,to deposit,Pteropodidae,Myonycteris,angolensis,Myonycteris_angolensis,,,1,Yes,,,1,Yes,,,1,Yes,,,1,Yes,Yes,?,subadult,spine good; possible callus right wing digit 1 phalanx 2 located in combined folder with 14787 on NAS,Andrew,71,76,77.8051,
Cynomops abrasus MCZ_28212,35.39,https://eol.org/pages/328862/data,to deposit,Molossidae,Cynomops,abrasus,Cynomops_abrasus,1,Yes,,,1,Yes,,,1,Yes,,,1,Yes,,,Yes,F,adult,no head; spine good; ,Andrew,65,70,73.526,
Nyctimene aello MCZ 45767,84.3,https://eol.org/pages/1038725/data,to deposit,Pteropodidae,Nyctimene,aello,Nyctimene_aello,,,1,Yes,,,1,Yes,,,1,Yes,,,1,Yes,Yes,M,adult,spine good,Andrew,65,70,73.526,
Epomophorus_wahlbergi MCZ 25179,91.6,https://eol.org/pages/327342/data,to deposit,Pteropodidae,Epomophorus,wahlbergi,Epomophorus_wahlbergi,,,1,Yes,,,1,Yes,,,1,Yes,,,1,Yes,Yes,F,subadult,subadult; spine good,Andrew,60,65,55.7786,
Hipposideros ruber MCZ_19401,10.1,https://eol.org/pages/328266/data,to deposit,Hipposideridae,Hipposideros,ruber,Hipposideros_ruber,,,1,Yes,,,1,Yes,,,1,Yes,,,1,Yes,Yes,M,adult,"spine good; however may be difficult to segment, and rib articulations are quite extensive ",Andrew,60,65,55.7786,
Notopteris macdonaldi MCZ_32941,65.75,"Walker’s mammals of the world, VI",to deposit,Pteropodidae,Notopteris,macdonaldi,Melonycteris_melanops,,,1,Yes,,,1,Yes,1,Yes,,,1,Yes,,,Yes,F,adult,spine good; however- as seems to be typical of bats- the bone density of the vertebral column is not very high ,Andrew,60,65,63.4907,
Brachyphylla cavernarum MCZ_50113,56,"Walker’s mammals of the world, VI",to deposit,Phyllostomidae,Brachyphylla,cavernarum,Brachyphylla_cavernarum,,,1,Yes,,,1,Yes,,,1,Yes,,,1,Yes,Yes,M,adult,spine good; however- as seems to be typical of bats- the bone density of the vertebral column is not very high ,Andrew,60,65,63.4907,
Tadarida brasiliensis MCZ_1203,12.5,"Walker’s mammals of the world, VI",to deposit,Molossidae,Tadarida,brasiliensis,Tadarida_brasiliensis,,,1,Yes,broken,,1,Yes,,,1,Yes,,,1,Yes,Yes,?,adult,spine suspicious; head detached; uncertain if atlas is present; bone density threshold may be difficult to work with,Andrew,60,60,53.1651,
Leptonycteris nivalis MCZ_48355,24,"Walker’s mammals of the world, VI",to deposit,Phyllostomidae,Leptonycteris,nivalis,Leptonycteris_yerbabuenae,,,1,Yes,,,1,Yes,,,1,Yes,,,1,Yes,Yes,M,adult,spine suspicious; some lead shot clutters the caudal vertebrae,Andrew,60,60,53.1651,
Syconycteris australis MCZ_28305,18.25,"Walker’s mammals of the world, VI",to deposit,Pteropodidae,Syconycteris,australis,Syconycteris_australis,,,1,Yes,broken,,1,Yes,1,Yes,broken,,1,Yes,,,Yes,M,adult,spine good,Andrew,60,60,68.7,
Chilonatalus micropus MCZ_16662,5.86,https://eol.org/pages/1038744/data,to deposit,Natalidae,Chilonatalus,micropus,Chilonatalus_micropus,1,Yes,,,1,Yes,broken,,broken,,1,Yes,,,1,Yes,Yes,F,adult,"spine fused to ribs; strange; pregnant; very long legs, very long calcar hx file on andrew pc",Andrew,50,55,44.1191,
Eumops absrasus MCZ_32895,23,"Walker’s mammals of the world, VI",to deposit,Molossidae,Eumops,abrasus,Eumops_auripendulus,1,Yes,broken ,,1,Yes,,,1,Yes,,,1,Yes,broken,,Yes,M,adult,spine good; threshold may be difficult to work with; numerous accessory sesamoids in a complex knee joint; ankle joint also complex and supported by a sesamoid,Andrew,60,60,55.1435,
Harpiocephalus harpia MCZ_32973,19,"Walker’s mammals of the world, VI",to deposit,Vespertilionidae,Harpiocephalus,harpia,Harpiocephalus_harpia,1,Yes,,,1,Yes,,,1,Yes,,,1,Yes,,,Yes,M,adult,spine bad; no head but atlas is present; there is a lot of clutter in the scan; I think the specific epithet should be harpia; unclear whether 2nd digit of wing possesses very short fourth phalanx ,Andrew,60,60,55.1435,
Hypsignathus monstrosus CUMV_19701,420,"Walker’s mammals of the world, VI",to deposit,Pteropodidae,Hypsignathus,monstrosus,Hypsignathus_monstrosus,1,Yes,,,1,Yes,,,,,1,Yes,,,1,Yes,Yes,M,adult,spine bad; numerous pieces of shot embedded across animal; skull broken; assembling handwing will be challenging; very narrow fused pelvis; male; sex used during mass estimate; prominent elbow cap; handwing difficult to landmark as it had many breaks; not yet backed up,Andrew,70,70,86.1681,
Hipposideros diadema CUMV_19113,42,"Walker’s mammals of the world, VI",to deposit,Hipposideridae,Hipposideros,diadema,Hipposideros_diadema,,,1,Yes,,,1,Yes,1,Yes,,,1,Yes,,,Yes,M,adult,"spine good; however there is extensive fusion to ribs; prominent elbow caps; very distinctive flange on inside aspect of proximal tibia shaft, which is not captures by landmark scheme; skull is aesthetic and should perhaps be segmented for 3d printing",Andrew,100,200,40.054802,
Scotophilus heathi CUMV_20893,34.6,https://eol.org/pages/1013564/data,to deposit,Vespertilionidae,Scotophilus,heathii,Scotophilus_heathii,,,1,Yes,,,1,Yes,,,1,Yes,,,1,Yes,Yes,F,adult,Pregnant with twins; slight rotational artefacts; spine good; foeti segmented; cranial to manubrium there is accessory centre of sternal ossification which was omitted in segementation ,Andrew,85,200,40.076,accessory centre of sternal ossification 
Molossus_molossus CUMV_19163,20,"Walker’s mammals of the world, VI",to deposit,Molossidae,Molossus,molossus,Molossus_molossus,,,1,Yes,,,1,Yes,,,1,Yes,,,1,Yes,Yes,?,adult,"As in other molossids, the knee is braced by both the tibia and fibula; there is a long calcar; hx file is located in group 6 on the NAS; xiphoid pendant chipped",Andrew,100,200,20.00002,
Peropteryx kappleri CUMV_19180,10,"Walker’s mammals of the world, VI",to deposit,Emballonuridae,Peropteryx,kappleri,Peropteryx_kappleri,1,Yes,,,1,Yes,,,1,Yes,,,1,Yes,,,Yes,?,adult,Sesamoid bones at each articular surface of humerus; long calcar; hx file is located in group 6 on the NAS,Andrew,100,200,20.00002,
Plecotus macrotis CUMV_19529,12.5,"Walker’s mammals of the world, VI",to deposit,Vespertilionidae,Plecotus,macrotis,Corynorhinus_townsendii,,,1,Yes,,,1,Yes,,,1,Yes,,,1,Yes,Yes,?,adult,Scan quality low; Corynorhinus_townsendii substituted for ecological metadata; Plecotus macrotis is a deprecated species,Andrew,100,200,20.00002,
Peropteryx macrotis_CUMV_19179,5.6,"Walker’s mammals of the world, VI",to deposit,Emballonuridae,Peropteryx,macrotis,Peropteryx_macrotis,,,1,Yes,,,1,Yes,,,1,Yes,,,1,Yes,Yes,F,adult,Scan quality marginal; hx filed located in group 7 on NAS,Andrew,100,200,20.027401,
Balantiopteryx plicata CUMV_20356,6.5,"Walker’s mammals of the world, VI",to deposit,Emballonuridae,Balantiopteryx,plicata,Balantiopteryx_plicata,,,1,Yes,,,1,Yes,1,Yes,broken,,1,Yes,,,Yes,?,adult,Scan quality marginal;  hx filed located in group 7 on NAS,Andrew,100,200,20.027401,
Natalus stramineus CUMV_15563,7,"Walker’s mammals of the world, VI",to deposit,Natalidae,Natalus,stramineus,Natalus_stramineus,,,1,Yes,,,1,Yes,,,1,Yes,,,1,Yes,Yes,?,adult,Left first digit wing broken and rehealed; hx file located in group 4 on the NAS,Andrew,85,200,40.076,
Nycticeius humeralis CUMV_19155,9,"Walker’s mammals of the world, VI",to deposit,Vespertilionidae,Nycticeius,humeralis,Nycticeius_humeralis,,,1,Yes,broken,,1,Yes,,,1,Yes,,,1,Yes,Yes,M,adult,"Scan quality marginal; left handwing broken, so both hands were used in landmarking; group 4",Andrew,85,200,40.076,
Rhinolophus lepidus CUMV_15567,5.7,https://eol.org/pages/328780/data,to deposit,Rhinolophidae,Rhinolophus,lepidus,Rhinolophus_lepidus,1,Yes,broken,,1,Yes,,,,,1,Yes,broken,,1,Yes,Yes,F,adult,Group 4 on the NAS,Andrew,85,200,40.076,
Scotophilus leucogaster CUMV_20851,20.2,https://eol.org/pages/310391/data,to deposit,Vespertilionidae,Scotophilus,leucogaster,Scotophilus_leucogaster,,,1,Yes,,,1,Yes,,,1,Yes,,,1,Yes,Yes,?,adult,broken and rehealed first digit on left hand; hx file is in group 8 on the NAS,Andrew,100,200,40.076,
Mormoops megalophylla CUMV_20393,16,https://eol.org/pages/317232/data,to deposit,Mormoopidae,Mormoops,megalophylla,Mormoops_megalophylla,,,1,Yes,,,1,Yes,,,1,Yes,,,1,Yes,Yes,?,adult,prominent calcar; first finger phalanx distorted; hx file is in group 8 on the NAS,Andrew,100,200,40.076,
Ptenochirus jagori CUMV_19118,81.5,"Walker’s mammals of the world, VI",to deposit,Pteropodidae,Ptenochirus,jagori,Ptenochirus_jagori,1,Yes,,,1,Yes,,,1,Yes,,,1,Yes,,,Yes,M,subadult,possible healed break or cancer in second phalanx of third digit of left hand; some epiphyses in handwing are in process of fusion,Andrew,75,75,51.605985068501,
Rousettus amplexicaudatus CUMV_19116,64.5,"Walker’s mammals of the world, VI",to deposit,Pteropodidae,Rousettus,amplexicaudatus,Rousettus_amplexicaudatus,,,1,Yes,,,1,Yes,,,1,Yes,,,1,Yes,Yes,M,subadult,epiphyses in process of fusion ,Andrew,75,80,59.1046428227147,
Epomops franqueti CUMV_19740,195,"Walker’s mammals of the world, VI",to deposit,Pteropodidae,Epomops,franqueti,Epomops_franqueti,1,Yes,,,1,Yes,,,to start,,1,Yes,,,1,Yes,Yes,?,adult,"very strange large laryngeal morphology appears to be visible. Phalanx 1 of digit 5 on left handwing is swollen at its distal end, suggesting a healed break Right zygomatic is broken; right kneecap is underdeveloped; sexual masses available; second finger right wing broken so I am substituting the left",Andrew,75,75,78.9100574248949,
Megaloglossus woermanni CUMV_16052,13.025,"Walker’s mammals of the world, VI",to deposit,Pteropodidae,Megaloglossus,woermanni,Megaloglossus_woermanni,,,1,Yes,,,1,Yes,,,1,Yes,,,1,Yes,Yes,M,adult,no kneecaps; poorly ossified mandible; sexed masses available,Andrew,65,85,52.9833104556932,
Myotis grisescens CUMV_15505,10.5,https://eol.org/pages/327255/data,to deposit,Vespertilionidae,Myotis,grisescens,Myotis_grisescens,,,1,Yes,,,1,Yes,,,1,Yes,,,1,Yes,Yes,F,adult,note clear evidence bat hibernates; elbow cap,Andrew,65,85,52.9833104556932,
Rhinolophus trifoliatus CUMV_22539,14.8,https://eol.org/pages/327230/data,to deposit,Rhinolophidae,Rhinolophus,trifoliatus,Rhinolophus_trifoliatus,,,1,Yes,,,1,Yes,,,1,Yes,,,1,Yes,Yes,?,adult,aspects of larynx visible in scan; possible healed break right handwing phalanx 1 finger 1,Andrew,60,80,51.9953415412428,
Scotonycteris zenkeri CUMV_19407,22.75,"Walker’s mammals of the world, VI",to deposit,Pteropodidae,Scotonycteris,zenkeri,Scotonycteris_zenkeri,1,Yes,,,1,Yes,,,1,Yes,,,1,Yes,,,Yes,M,subadult,,Andrew,60,80,51.9953415412428,
Balionycteris maculata CUMV_22534,12,"Walker’s mammals of the world, VI",to deposit,Pteropodidae,Balionycteris,maculata,Balionycteris_maculata,,,1,Yes,,,1,Yes,,,1,Yes,,,1,Yes,Yes,?,adult,hx file located on andrew pc looks female,Andrew,60,80,44.9139115951655,
Myotis lucifugus CUMV_17094,7.6,https://eol.org/pages/327247/data,to deposit,Vespertilionidae,Myotis,lucifugus,Myotis_lucifugus,1,Yes,,,1,Yes,,,1,Yes,,,1,Yes,,,Yes,?,adult,hx file located on andrew pc looks male,Andrew,60,80,44.9139115951655,
Myotis leibii CUMV_17154,5.22,https://eol.org/pages/327547/data,to deposit,Vespertilionidae,Myotis,leibii,Myotis_leibii,in progress,,1,Yes,,,1,Yes,1,Yes,,,1,Yes,,,Yes,?,subadult,phalangeal epiphyses are incompletely fused; bullets have complicated segmentation,Andrew,65,75,54.8438689623758,
Myotis horsfieldii CU_19112,6,https://eol.org/pages/327589/data,to deposit,Vespertilionidae,Myotis,horsfieldii,Myotis_horsfieldii,1,Yes,,,1,Yes,,,1,Yes,,,1,Yes,,,Yes,M,adult,hx file located on andrew pc,Andrew,65,75,54.8438689623758,
Myotis keenii CUMV_21150,6.3,https://eol.org/pages/327248/data,to deposit,Vespertilionidae,Myotis,keenii,Myotis_keenii,,,1,Yes,,,1,Yes,,,1,Yes,,,1,Yes,Yes,?,adult,hx file located on andrew pc looks male,Andrew,65,75,54.8438689623758,
Promops centralis CUMV_20836,15.8,"Walker’s mammals of the world, VI",to deposit,Molossidae,Promops,centralis,Promops_centralis,,,1,Yes,,,1,Yes,,,1,Yes,,,1,Yes,Yes,?,subadult,digital epiphyses in process of fusion; elbow has multiple sesamoids and a cap; mass is from a male,Andrew,100,200,40.076,
Nycteris javanica CUMV_22546,17.7,https://eol.org/pages/1038755/data,to deposit,Nycteridae,Nycteris,javanica,Nycteris_javanica,,,1,Yes,,,1,Yes,,,1,Yes,,,1,Yes,Yes,?,adult,beautiful sternum; unusual skull; elbow caps,Andrew,85,200,20.023868,withered third phalanx finger III and third phalanx finger IV
Nanonycteris veldkampi YPM_MAM_014567,26,"Walker’s mammals of the world, VI",https://www.morphosource.org/concern/media/000089779?locale=en,Pteropodidae,Nanonycteris,veldkampi,Nanonycteris_veldkampii,1,Yes,broken,,1,Yes,,,,,1,Yes,1,Yes,,,Yes,?,adult,handwing reconstructed from broken fragments,Andrew,85,200,45.033,
Megaerops ecaudatus MVZ_173803,29,"Walker’s mammals of the world, VI",https://www.morphosource.org/concern/media/000085269?locale=en,Pteropodidae,Megaerops,ecaudatus,Megaerops_ecaudatus,,,1,Yes,,,1,Yes,,,1,Yes,,,1,Yes,Yes,M,adult,,Andrew,?,?,51.3463308162829,potential remodelling of bone of finger IV phalanx 2
Paranyctimene raptor YPM_005629,22.5,"Walker’s mammals of the world, VI",https://www.morphosource.org/concern/media/000064832?locale=en,Pteropodidae,Paranyctimene,raptor,Paranyctimene_raptor,1,Yes,,,1,Yes,,,,,1,Yes,,,1,Yes,Yes,F,adult,"pregnant; prominent elbow caps, excellent sternum and spinal column",Andrew,?,?,39.1921,
Chaerephon pumilus YPM 005519,11.3,https://eol.org/pages/328859/data,https://www.morphosource.org/concern/media/000089768?locale=en,Molossidae,Chaerephon,pumilus,Chaerephon_pumilus,,,1,Yes,,,1,Yes,,,1,Yes,,,1,Yes,Yes,?,adult,,Andrew,?,?,45.1902328830628,
Myopterus daubentonii albatus AMNH M49228,18.45,https://eol.org/pages/328894/data,https://www.morphosource.org/concern/media/000519270?locale=en,Molossidae,Myopterus,daubentonii,Myopterus_daubentonii,broken,,1,Yes,,,1,Yes,,,1,Yes,,,1,Yes,Yes,F,adult,left handwing broken; flattened finger bones with oblate sockets,Andrew,?,?,29.9567,
Molossops temminckii AMNH M249198,5.9,https://eol.org/pages/328868/data,https://www.morphosource.org/concern/media/000519266?locale=en,Molossidae,Molossops,temminckii,Molossops_temminckii,,,1,Yes,,,1,Yes,,,1,Yes,,,1,Yes,Yes,F,adult,,Andrew,?,?,19.61595,withered first phalanx first finger left handwing; malformed claw thumb right handwing; distorted fourth finger right handwing
Aethalops alecto UMMZ 174565,19.3,"Walker’s mammals of the world, VI",https://doi.org/10.17602/M2/M58367,Pteropodidae,Aethalops,alecto,Aethalops_alecto,,,1,Yes,,,1,Yes,,,1,Yes,,,1,Yes,Yes,F,adult,Pregnant,Andrew,?,?,38.77,
Haplonycteris fischeri UMMZ 157351,18.5,"Walker’s mammals of the world, VI",https://doi.org/10.17602/M2/M58355,Pteropodidae,Haplonycteris,fischeri,Haplonycteris_fischeri,,,1,Yes,,,1,Yes,,,1,Yes,,,1,Yes,Yes,F,subadult,phalangeal epiphyses have only just fused,Andrew,?,?,38.77,
Pteropus pumilus UMMZ 156775,194.2,https://eol.org/pages/327290/data,https://doi.org/10.17602/M2/M61952,Pteropodidae,Pteropus,pumilus,Pteropus_pumilus,,,1,Yes,,,1,Yes,,,1,Yes,,,1,Yes,Yes,M,subadult,pahalngeal epiphyses in process of fusion,Andrew,?,?,75.07,
Harpyionycteris whiteheadi UMMZ 161303,112.5,"Walker’s mammals of the world, VI",https://doi.org/10.17602/M2/M68611,Pteropodidae,Harpyionycteris,whiteheadi,Harpyionycteris_whiteheadi,,,1,Yes,,,1,Yes,,,1,Yes,,,1,Yes,Yes,F,adult,tibia is an outlier in PC space?,,?,?,79.422989302421,
Penthetor lucasi UMMZ 174604,42.5,"Walker’s mammals of the world, VI",https://doi.org/10.17602/M2/M61965,Pteropodidae,Penthetor,lucasi,Penthetor_lucasi,,,1,Yes,,,1,Yes,,,1,Yes,,,1,Yes,Yes,F,subadult,subadult,Andrew,?,?,40.92,
07_Myzopoda-aurita_mnhn-1985-654,9.1,https://eol.org/pages/1038742/data,to deposit,Myzopodidae,Myzopoda,aurita,Myzopoda_aurita,,,1,Yes,,,1,Yes,1,Yes,,,,,1,Yes,Yes,M,subadult,subadult; sucker-footeds; fibula extends full length of tibia but does not integrate with knee,Andrew,,,24.0919,
